{
  "train_loss": [
    0.4474434685909142,
    0.30270792628075444,
    0.2665943982405851,
    0.2413600468534534,
    0.2280228941117303,
    0.2099654510785631,
    0.2008597161305153,
    0.19200421638239576,
    0.1822146974125151,
    0.15030004652374881,
    0.1393453738952087,
    0.13550443328538184,
    0.1314817511681783
  ],
  "val_loss": [
    0.4308105707168579,
    0.43479639291763306,
    0.4574435353279114,
    0.46987664699554443,
    0.5014247298240662,
    0.5206974148750305,
    0.5813273787498474,
    0.5544527769088745,
    0.584732711315155,
    0.582406759262085,
    0.6639178991317749,
    0.6807594895362854,
    0.663936972618103
  ],
  "val_macro_f1": [
    0.7646805112954685,
    0.7639676919187851,
    0.7695590841662455,
    0.7695196929442455,
    0.7681945861686658,
    0.766313697297523,
    0.7560190777845456,
    0.7638800891586036,
    0.7613284267386803,
    0.7695030655250173,
    0.7616761020800449,
    0.760780337365465,
    0.7571071470184304
  ]
}